<?xml version="1.0" encoding="utf-8"?>
<!--/363605/487371/2.50/5/2/Power Supply/-->
<quadcept_library>
  <setting unit="mil" />
  <textstyle name="Default" height="47.244094488189" strokewidth="7.8740157480315" charwidth="47.244094488189" />
  <textstyle name="Dimension" height="19.6850393700787" strokewidth="0" charwidth="19.6850393700787" />
  <textstyle name="H127W0635TH00762" height="50" strokewidth="3" charwidth="25" />
  <textstyle name="H15W15TH02" height="59.0551181102362" strokewidth="7.8740157480315" charwidth="59.0551181102362" />
  <padstyle name="c175_h115" surface="False" plated="True" isvia="False" nopaste="True" nomask="True" complex="False" holesize="45.275590551181">
    <padshape layer="TOP" shape="round" width="68.897637795275" height="68.897637795275" />
    <padshape layer="TOP_SOLDER_MASK" shape="round" width="76.771653543306" height="76.771653543306" />
    <padshape layer="INNER" shape="round" width="68.897637795275" height="68.897637795275" />
    <padshape layer="BOTTOM" shape="round" width="68.897637795275" height="68.897637795275" />
    <padshape layer="BOTTOM_SOLDER_MASK" shape="round" width="76.771653543306" height="76.771653543306" />
  </padstyle>
  <footprint name="TMPS05-105" originx="0" originy="0" pickpointx="0" pickpointy="0">
    <pcbpin number="1" name="1" style="c175_h115" originx="-400" originy="-399.60629921259" rotation="90" />
    <pcbpin number="2" name="2" style="c175_h115" originx="-200" originy="-399.60629921259" rotation="90" />
    <pcbpin number="3" name="3" style="c175_h115" originx="400" originy="399.60629921259" rotation="90" />
    <pcbpin number="4" name="4" style="c175_h115" originx="0" originy="399.60629921259" rotation="90" />
    <pcbpin number="5" name="5" style="c175_h115" originx="-400" originy="399.60629921259" rotation="90" />
    <line layer="TOP_ASSEMBLY" originx="-499.99999999999" originy="499.99999999999" endx="499.99999999999" endy="499.99999999999" width="9.9999999999999" />
    <line layer="TOP_ASSEMBLY" originx="499.99999999999" originy="499.99999999999" endx="499.99999999999" endy="-499.99999999999" width="9.9999999999999" />
    <line layer="TOP_ASSEMBLY" originx="499.99999999999" originy="-499.99999999999" endx="-499.99999999999" endy="-499.99999999999" width="9.9999999999999" />
    <line layer="TOP_ASSEMBLY" originx="-499.99999999999" originy="-499.99999999999" endx="-499.99999999999" endy="499.99999999999" width="9.9999999999999" />
    <line layer="TOP_SILKSCREEN" originx="-499.99999999999" originy="-499.99999999999" endx="-499.99999999999" endy="499.99999999999" width="9.9999999999999" />
    <line layer="TOP_SILKSCREEN" originx="-499.99999999999" originy="499.99999999999" endx="499.99999999999" endy="499.99999999999" width="9.9999999999999" />
    <line layer="TOP_SILKSCREEN" originx="499.99999999999" originy="499.99999999999" endx="499.99999999999" endy="-499.99999999999" width="9.9999999999999" />
    <line layer="TOP_SILKSCREEN" originx="499.99999999999" originy="-499.99999999999" endx="-499.99999999999" endy="-499.99999999999" width="9.9999999999999" />
    <arc layer="TOP_SILKSCREEN" originx="-559.64566929133" originy="-410.3937007874" startangle="180" sweepangle="180" radius="6.8102362204723" width="9.9999999999999" />
    <arc layer="TOP_SILKSCREEN" originx="-559.64566929133" originy="-410.3937007874" startangle="180" sweepangle="-180" radius="6.8102362204723" width="9.9999999999999" />
  </footprint>
  <symbol name="TMPS_05-105" originx="0" originy="0">
    <line originx="200" originy="100" endx="1000" endy="100" width="0" />
    <line originx="1000" originy="-300" endx="1000" endy="100" width="0" />
    <line originx="1000" originy="-300" endx="200" endy="-300" width="0" />
    <line originx="200" originy="100" endx="200" endy="-300" width="0" />
    <sympin number="1" originx="200" originy="0" rotation="180" length="100" width="7.8740157480315" flipped="False">
      <text name="pinname" originx="230" originy="0" style="Default" rotation="0" justify="left" flipped="False" hidden="False" data="AC(N)" />
      <text name="pindes" originx="140" originy="20" style="Default" rotation="0" justify="lowerright" flipped="False" hidden="False" data="1" />
    </sympin>
    <sympin number="2" originx="200" originy="-100" rotation="180" length="100" width="7.8740157480315" flipped="False">
      <text name="pinname" originx="230" originy="-100" style="Default" rotation="0" justify="left" flipped="False" hidden="False" data="AC(L)" />
      <text name="pindes" originx="140" originy="-80" style="Default" rotation="0" justify="lowerright" flipped="False" hidden="False" data="2" />
    </sympin>
    <sympin number="3" originx="1000" originy="-200" rotation="0" length="100" width="7.8740157480315" flipped="False">
      <text name="pinname" originx="970" originy="-200" style="Default" rotation="0" justify="right" flipped="False" hidden="False" data="NC" />
      <text name="pindes" originx="1060" originy="-180" style="Default" rotation="0" justify="lowerleft" flipped="False" hidden="False" data="3" />
    </sympin>
    <sympin number="4" originx="1000" originy="-100" rotation="0" length="100" width="7.8740157480315" flipped="False">
      <text name="pinname" originx="970" originy="-100" style="Default" rotation="0" justify="right" flipped="False" hidden="False" data="-VOUT" />
      <text name="pindes" originx="1060" originy="-80" style="Default" rotation="0" justify="lowerleft" flipped="False" hidden="False" data="4" />
    </sympin>
    <sympin number="5" originx="1000" originy="0" rotation="0" length="100" width="7.8740157480315" flipped="False">
      <text name="pinname" originx="970" originy="0" style="Default" rotation="0" justify="right" flipped="False" hidden="False" data="+VOUT" />
      <text name="pindes" originx="1060" originy="20" style="Default" rotation="0" justify="lowerleft" flipped="False" hidden="False" data="5" />
    </sympin>
  </symbol>
  <component name="TMPS_05-105" designatorprefix="PS" height="0" footprint="TMPS05-105">
    <comppin designator="1" sympin="1" pinswap="0" gateswap="0" gate="1" group="1" side="" type="Any" name="AC(N)" />
    <comppin designator="2" sympin="2" pinswap="0" gateswap="0" gate="1" group="1" side="" type="Any" name="AC(L)" />
    <comppin designator="3" sympin="3" pinswap="0" gateswap="0" gate="1" group="1" side="" type="Any" name="NC" />
    <comppin designator="4" sympin="4" pinswap="0" gateswap="0" gate="1" group="1" side="" type="Any" name="-VOUT" />
    <comppin designator="5" sympin="5" pinswap="0" gateswap="0" gate="1" group="1" side="" type="Any" name="+VOUT" />
    <attached_symbol gate="1" name="TMPS_05-105" />
    <pinmap designator="1" footprintpin="1" />
    <pinmap designator="2" footprintpin="2" />
    <pinmap designator="3" footprintpin="3" />
    <pinmap designator="4" footprintpin="4" />
    <pinmap designator="5" footprintpin="5" />
    <text name="Datasheet" originx="0" originy="0" style="Default" rotation="0" justify="" flipped="False" hidden="True" data="https://tracopower.com/tmps05-datasheet/" />
    <text name="Description" originx="0" originy="0" style="Default" rotation="0" justify="" flipped="False" hidden="True" data="5 Watt AC/DC modules, industrial/household, 85-264 VAC input, Ultra compact size 1&quot;x1&quot;, 3000 VAC I/O-isolation, encapsulated, PCB mount" />
    <text name="Farnell Part Number" originx="0" originy="0" style="Default" rotation="0" justify="" flipped="False" hidden="True" data="" />
    <text name="Farnell Price/Stock" originx="0" originy="0" style="Default" rotation="0" justify="" flipped="False" hidden="True" data="" />
    <text name="Manufacturer_Name" originx="0" originy="0" style="Default" rotation="0" justify="" flipped="False" hidden="True" data="Traco Power" />
    <text name="Manufacturer_Part_Number" originx="1050" originy="200" style="Default" rotation="0" justify="left" flipped="False" hidden="False" data="TMPS 05-105" />
  </component>
</quadcept_library>
